Image,Text
0,JXCWK
1,FSJEWH
2,VPYWJ
3,YNHBV
4,RCESB
5,YXZBH
6,VERKHF
7,MHJRZF
8,ASVWM
9,RLSWN
10,MHLJR
11,YVXWKA
12,MHECYB
13,CZLEKW
14,LZCSY
15,RLSEK
16,DNFXBK
17,BAZWFY
18,EKTBYR
19,NRXTLY
20,BCKAN
21,YWHBV
22,CALVNB
23,TANLEK
24,RLCSH
25,XYWLK
26,LYZFHS
27,NBZVL
28,FZEWS
29,BRWDMT
30,XPBLY
31,JLXBDR
32,WXBREZ
33,PLSDRK
34,CRSTJW
35,SJXKY
36,AMXBFN
37,TVLMW
38,VPHMAZ
39,XDWEVY
40,ZWEBP
41,RYWJD
42,YMNHZC
43,THCVYZ
44,DAWPBM
45,LNRJE
46,VLKXMR
47,FHVZA
48,WVHZFB
49,VZTEAH
50,JWFZVT
51,TDSWVJ
52,DYHBF
53,BMNJF
54,JANPKB
55,JMXBK
56,YTKXCL
57,WDMERL
58,YBCRP
59,RMBYHS
60,HAYWPK
61,VRFLD
62,AKJNY
63,YNHSX
64,BMCXSH
65,PFTHVZ
66,AXPVF
67,MDZBC
68,KDCFNP
69,AKRMW
70,VMDXEJ
71,BNEYZK
72,LFSVJ
73,XANZL
74,SXJPAB
75,ZKEHDC
76,HYNRW
77,JVBKX
78,RTVXLF
79,MWHBDJ
80,CPYMTF
81,RSKXFZ
82,LMFYX
83,ZMHDCT
84,FTKJNR
85,CLHXS
86,WVMZK
87,REXTBL
88,DWCJFK
89,HJEPK
90,CYBWA
91,NDTBYR
92,KDBXVT
93,VAENK
94,THKLZ
95,LFEHTN
96,LRBAPM
97,DTEVCL
98,WDJLC
99,SWTDV
100,YDPTFB
101,LPXJZC
102,BLYHTK
103,AKZXM
104,JEDCXM
105,PYWNB
106,ETZHDC
107,JSBRA
108,YZAHEW
109,HMRSZB
110,PKYAN
111,YLAZPK
112,YJFPN
113,LTMAY
114,JVKTLB
115,JEMLY
116,VADLE
117,REWNKL
118,XPAJY
119,JKVRT
120,VRTYPS
121,JPMTDE
122,XBHEPC
123,WHAZC
124,KSPCTH
125,XWLVB
126,WKZJA
127,ZYBKXP
128,HDTWX
129,YKXNM
130,HPVNT
131,ANYFSM
132,WEMHAK
133,JBDSRY
134,VJMDRC
135,VXSZM
136,TDSBJE
137,RLSPWK
138,NJYMEZ
139,HZBVD
140,VNDYF
141,EJNFD
142,MCJFHA
143,JAEKCH
144,ZRNLBD
145,LSAXJ
146,EMNWHP
147,ZRTYD
148,LKNBZ
149,ZPSBM
150,FNHMC
151,JSCEY
152,FCYASR
153,SEVYT
154,ECVZN
155,DTEWSF
156,BLHTJY
157,ENVPLA
158,TCSYFK
159,EZJML
160,DBZRX
161,EXNPT
162,VMZCEK
163,HNMWKN
164,DFSCB
165,VJHEC
166,TNPDKM
167,HTZDVX
168,BATKZR
169,YKHNRM
170,BDLSR
171,TKCZND
172,SPJNH
173,VDLZRW
174,DHLWKF
175,NYVZJ
176,XBCKA
177,AWYPEH
178,MRLSB
179,SBTXJ
180,RPHTX
181,SBYPDT
182,HNRYBW
183,AMEPF
184,JFTHR
185,KZCLVM
186,NBFED
187,CMBZD
188,YPFZH
189,MKLJY
190,FANHET
191,SRNLZ
192,NMLYD
193,VFJSBY
194,RWZCB
195,VAWJK
196,BLAPSJ
197,HFVKC
198,BRZWL
199,SJHXVR
200,JDKRB
201,VCLDN
202,TPNWF
203,JZCDLN
204,CPSZR
205,LDEBNJ
206,LJYXSE
207,PDCAE
208,LPCHZ
209,NPMRFH
210,BEVTD
211,RPTXYF
212,WRKXYL
213,SVCRL
214,JLRDSP
215,VCLRZN
216,FKEHBD
217,PEZDB
218,EZRVH
219,EVSJXM
220,RAHCVD
221,CKBATD
222,EYRZV
223,BTSCVP
224,NHZBSD
225,YHBAJX
226,CFWYDX
227,XNTRA
228,BZJKPR
229,WVYTD
230,ZJVNXS
231,CSNRY
232,FWNPKB
233,WNVJK
234,SKAXE
235,KLDWPR
236,FVBJL
237,WZCKB
238,HZXDVJ
239,NSDTV
240,HTNMLY
241,BHDZXK
242,MELPK
243,HKMFL
244,TPRXE
245,ELYFJV
246,AHJSRT
247,JBYSZV
248,XJFYKP
249,AKNSHP
250,VKZWEF
251,ENSKVR
252,LCBXVM
253,EPXCR
254,JSFLNB
255,REMJT
256,KTNYVX
257,MCELWD
258,YCVXRW
259,WRYJD
260,PEMKV
261,RYJCLV
262,SNKZW
263,ASZXL
264,AYBVF
265,MLBYP
266,KSYBPA
267,WAMNJY
268,VYXHBN
269,KVRDNB
270,KBYLN
271,XWJCP
272,DSJBEZ
273,LXRSFZ
274,SKDAZ
275,VDNZMY
276,KTLBM
277,LXTYPE
278,HNRBKZ
279,XMPYCV
280,PFWMTH
281,HREJV
282,PELHN
283,MWKNPH
284,ZHPNDW
285,HCBPT
286,NVTEPJ
287,HYKAMW
288,BWVXC
289,VBMWH
290,JMLVXA
291,RWTLCK
292,TFMRP
293,HCTVY
294,STAEL
295,WBZSA
296,HXZBP
297,FNXLBC
298,EFZBWT
299,MNBHCZ
300,HRJCZF
301,DELPR
302,ASCHF
303,JWXFT
304,SFCKVM
305,KYSEZ
306,EPWSR
307,CMKDZ
308,RSMAJK
309,ECJTF
310,WHZSJX
311,EYCDT
312,TPEDRW
313,XPHSRA
314,SXALY
315,ZRSNYM
316,PZLRDK
317,JHZYS
318,RWFLZ
319,ACLJX
320,KJZBE
321,DNMYC
322,JBHMVF
323,JALWXZ
324,WTKYCE
325,ALTZR
326,TAVYMB
327,XRVTJA
328,AHDBV
329,BCZNDE
330,DYARJ
331,FVKMBL
332,DLNKCY
333,TKBLJ
334,KDXYZ
335,TDSWCY
336,ZCTKY
337,BDYZJS
338,SNAMPE
339,JXDVSK
340,EBCTL
341,KVXWCY
342,RWVTBC
343,ABXWL
344,JWPCZB
345,MPTKVE
346,HLRXK
347,FSTYEV
348,WKDVT
349,APJHC
350,NHWYMX
351,VDRZM
352,ETWNJK
353,TPJMB
354,WAJKYX
355,SWCMZY
356,NLYCTJ
357,NMCRSW
358,RSNVJ
359,YMEFXA
360,WFXHB
361,SPVWF
362,MNATEW
363,PMEKSC
364,LRKBM
365,DFHTL
366,ARHJTW
367,HEYKS
368,TZXAJ
369,FZRMN
370,WJXFTS
371,EDNLRZ
372,AWNFCD
373,TMFWN
374,MLFTA
375,MNSXCY
376,ZVPYX
377,BCYNRD
378,ABFYD
379,YBWTHL
380,NLSTVA
381,TPWCM
382,SZFKVN
383,JDKXN
384,ZSKYN
385,CZTLJN
386,ZNKMJT
387,SRACYF
388,WFJKVH
389,XPKFY
390,ELNWC
391,YLTBJ
392,NFCSWP
393,HSBCWE
394,PSWBNR
395,THEXF
396,FVNRW
397,YKCRVM
398,TLMSZH
399,DPLZRW
400,CWSLJ
401,KWVTF
402,VJEKTB
403,ALVSW
404,CPERWL
405,DTRLA
406,LDWVTN
407,WDRJH
408,ADZXSP
409,FWSHVZ
410,NYWVT
411,ASDFRZ
412,VFBZD
413,JZDXP
414,SXDBMK
415,YBVJE
416,DYVAM
417,VTKAH
418,VESZL
419,CYJESD
420,JMPAS
421,AXEPVK
422,JEFSRN
423,KBMACT
424,ASKRHJ
425,EJTABD
426,HXYRNV
427,FNELM
428,BDYEPJ
429,CMVZX
430,RZCHY
431,VJZAX
432,EMTJH
433,SNDCL
434,WVDFX
435,KYRCF
436,JXTER
437,HLMAS
438,KBZNLS
439,RNXWM
440,FZKDTN
441,BCWMX
442,EBJCD
443,XYZVFN
444,LRCJK
445,NLJKHF
446,EHLJTY
447,LPBWC
448,BSKDPW
449,NERJXB
450,EFLMW
451,MXLFJ
452,KYZWM
453,NHERS
454,JAWDRN
455,EPZYM
456,ZHYPED
457,ZYPXCK
458,FVETDR
459,PCWVB
460,WEBNHK
461,EMXTAY
462,MDRFEH
463,PWVMFE
464,NXZSL
465,VSCFT
466,MCWFL
467,KPASN
468,HVEAM
469,DVCWMK
470,MEPZX
471,THWRNV
472,BMPZRX
473,XMBVSD
474,KSLRZP
475,PDNXVC
476,FLYRT
477,ZRESF
478,NVMJR
479,SHNEL
480,XZKML
481,FYRDAB
482,ZYXRV
483,AENXF
484,AJMWXB
485,ADNVL
486,WDYPFT
487,MCTSYP
488,LJHCT
489,WFRYEP
490,XNZBY
491,CYNAD
492,VLKSD
493,KYZPW
494,VZHYRN
495,KYADMH
496,HJERTL
497,ZBCWJK
498,NCLSZ
499,TZWCYA
500,CRKBW
501,
502,
503,
504,
505,
506,
507,
508,
509,
510,
511,
512,
513,
514,
515,
516,
517,
518,
519,
520,
521,
522,
523,
524,
525,
526,
527,
528,
529,
530,
531,
532,
533,
534,
535,
536,
537,
538,
539,
540,
541,
542,
543,
544,
545,
546,
547,
548,
549,
550,
551,
552,
553,
554,
555,
556,
557,
558,
559,
560,
561,
562,
563,
564,
565,
566,
567,
568,
569,
570,
571,
572,
573,
574,
575,
576,
577,
578,
579,
580,
581,
582,
583,
584,
585,
586,
587,
588,
589,
590,
591,
592,
593,
594,
595,
596,
597,
598,
599,
600,
601,
602,
603,
604,
605,
606,
607,
608,
609,
610,
611,
612,
613,
614,
615,
616,
617,
618,
619,
620,
621,
622,
623,
624,
625,
626,
627,
628,
629,
630,
631,
632,
633,
634,
635,
636,
637,
638,
639,
640,
641,
642,
643,
644,
645,
646,
647,
648,
649,
650,
651,
652,
653,
654,
655,
656,
657,
658,
659,
660,
661,
662,
663,
664,
665,
666,
667,
668,
669,
670,
671,
672,
673,
674,
675,
676,
677,
678,
679,
680,
681,
682,
683,
684,
685,
686,
687,
688,
689,
690,
691,
692,
693,
694,
695,
696,
697,
698,
699,
700,
701,
702,
703,
704,
705,
706,
707,
708,
709,
710,
711,
712,
713,
714,
715,
716,
717,
718,
719,
720,
721,
722,
723,
724,
725,
726,
727,
728,
729,
730,
731,
732,
733,
734,
735,
736,
737,
738,
739,
740,
741,
742,
743,
744,
745,
746,
747,
748,
749,
750,
751,
752,
753,
754,
755,
756,
757,
758,
759,
760,
761,
762,
763,
764,
765,
766,
767,
768,
769,
770,
771,
772,
773,
774,
775,
776,
777,
778,
779,
780,
781,
782,
783,
784,
785,
786,
787,
788,
789,
790,
791,
792,
793,
794,
795,
796,
797,
798,
799,
800,
801,
802,
803,
804,
805,
806,
807,
808,
809,
810,
811,
812,
813,
814,
815,
816,
817,
818,
819,
820,
821,
822,
823,
824,
825,
826,
827,
828,
829,
830,
831,
832,
833,
834,
835,
836,
837,
838,
839,
840,
841,
842,
843,
844,
845,
846,
847,
848,
849,
850,
851,
852,
853,
854,
855,
856,
857,
858,
859,
860,
861,
862,
863,
864,
865,
866,
867,
868,
869,
870,
871,
872,
873,
874,
875,
876,
877,
878,
879,
880,
881,
882,
883,
884,
885,
886,
887,
888,
889,
890,
891,
892,
893,
894,
895,
896,
897,
898,
899,
900,
901,
902,
903,
904,
905,
906,
907,
908,
909,
910,
911,
912,
913,
914,
915,
916,
917,
918,
919,
920,
921,
922,
923,
924,
925,
926,
927,
928,
929,
930,
931,
932,
933,
934,
935,
936,
937,
938,
939,
940,
941,
942,
943,
944,
945,
946,
947,
948,
949,
950,
951,
952,
953,
954,
955,
956,
957,
958,
959,
960,
961,
962,
963,
964,
965,
966,
967,
968,
969,
970,
971,
972,
973,
974,
975,
976,
977,
978,
979,
980,
981,
982,
983,
984,
985,
986,
987,
988,
989,
990,
991,
992,
993,
994,
995,
996,
997,
998,
999,ZPAWK